City_ID,City,Cloudiness,Country,Date,Humidity,Lat,Lng,Max Temp,Wind Speed
0,Lorengau,82,PG,2021-09-25 22:14:25,75,-2.0226,147.2712,83.12,6.73
1,Cuyamel,67,HN,2021-09-25 22:16:13,74,15.6667,-88.2,89.76,4.36
2,Hasaki,100,JP,2021-09-25 22:16:13,60,35.7333,140.8333,68.4,14.52
3,Punta Arenas,40,CL,2021-09-25 22:16:13,65,-53.15,-70.9167,42.91,18.41
4,Albany,93,US,2021-09-25 22:11:49,71,42.6001,-73.9662,69.53,2.82
5,Butaritari,50,KI,2021-09-25 22:13:29,75,3.0707,172.7902,82.98,10.51
6,Kikwit,74,CD,2021-09-25 22:16:14,65,-5.041,18.8162,77.2,3.02
7,Mehamn,100,NO,2021-09-25 22:16:15,87,71.0357,27.8492,45.75,8.63
8,Chokurdakh,100,RU,2021-09-25 22:16:15,98,70.6333,147.9167,32.67,10.96
9,Busselton,67,AU,2021-09-25 22:13:21,90,-33.65,115.3333,51.08,4.21
10,Marsh Harbour,99,BS,2021-09-25 22:16:16,69,26.5412,-77.0636,83.21,4.81
11,Camacha,40,PT,2021-09-25 22:16:16,73,33.0833,-16.3333,67.42,6.91
12,Rio Grande,37,BR,2021-09-25 22:16:17,93,-32.035,-52.0986,60.94,4.7
13,Manggar,94,ID,2021-09-25 22:16:17,81,-2.8833,108.2667,79.99,3.51
14,Bonthe,87,SL,2021-09-25 22:16:18,85,7.5264,-12.505,78.62,6.38
15,Mataura,53,NZ,2021-09-25 22:16:18,91,-46.1927,168.8643,44.47,6.44
16,Rikitea,58,PF,2021-09-25 22:11:29,76,-23.1203,-134.9692,73.9,14.74
17,De-Kastri,85,RU,2021-09-25 22:16:19,70,51.4667,140.7833,54.23,3.22
18,Atuona,75,PF,2021-09-25 22:16:19,76,-9.8,-139.0333,78.3,19.86
19,Yellowknife,75,CA,2021-09-25 22:16:20,81,62.456,-114.3525,46.42,1.99
20,Alto Araguaia,94,BR,2021-09-25 22:16:20,27,-17.3147,-53.2153,85.1,5.39
21,Saskylakh,98,RU,2021-09-25 22:12:12,90,71.9167,114.0833,31.82,16.71
22,Port Alfred,89,ZA,2021-09-25 22:13:54,72,-33.5906,26.891,61.77,11.23
23,Vaini,40,TO,2021-09-25 22:14:05,83,-21.2,-175.2,75.36,9.22
24,Esperance,65,AU,2021-09-25 22:16:21,77,-33.8667,121.9,55.51,19.33
25,Thompson,90,CA,2021-09-25 22:16:21,66,55.7435,-97.8558,53.76,5.75
26,Isangel,75,VU,2021-09-25 22:16:22,73,-19.55,169.2667,75.31,5.75
27,North Bend,90,US,2021-09-25 22:16:22,91,43.4065,-124.2243,65.91,8.05
28,Turinsk,19,RU,2021-09-25 22:16:23,85,58.0458,63.696,36.0,11.36
29,Zhigansk,77,RU,2021-09-25 22:16:23,92,66.7697,123.3711,30.47,10.96
30,Lusambo,98,CD,2021-09-25 22:16:23,72,-4.9667,23.45,74.37,1.92
31,Georgetown,20,MY,2021-09-25 22:15:11,87,5.4112,100.3354,79.9,3.44
32,Santa Maria Del Oro,27,MX,2021-09-25 22:16:24,39,25.9333,-105.3667,79.86,7.56
33,Hermanus,24,ZA,2021-09-25 22:16:24,87,-34.4187,19.2345,60.8,11.1
34,Saint-Francois,19,FR,2021-09-25 22:16:24,100,46.4154,3.9054,59.68,2.3
35,Tiksi,100,RU,2021-09-25 22:16:25,89,71.6872,128.8694,32.23,20.6
36,Port Shepstone,7,ZA,2021-09-25 22:16:25,70,-30.7414,30.455,72.46,10.65
37,Yueyang,4,CN,2021-09-25 22:16:26,68,29.3333,113.0919,78.85,3.71
38,Te Anau,43,NZ,2021-09-25 22:16:26,83,-45.4167,167.7167,41.13,0.92
39,Ushuaia,40,AR,2021-09-25 22:15:17,61,-54.8,-68.3,42.46,19.57
40,Gondanglegi,88,ID,2021-09-25 22:16:27,89,-7.7479,112.0132,75.06,9.57
41,Bluff,37,NZ,2021-09-25 22:16:27,66,-46.6,168.3333,44.8,14.72
42,Hurghada,0,EG,2021-09-25 22:15:28,41,27.2574,33.8129,78.53,12.59
43,Naliya,56,IN,2021-09-25 22:16:28,84,23.2667,68.8333,80.06,12.33
44,East London,38,ZA,2021-09-25 22:16:28,61,-33.0153,27.9116,66.54,15.88
45,Beaupre,100,CA,2021-09-25 22:16:28,92,47.0443,-70.8953,66.69,2.39
46,Lebu,24,CL,2021-09-25 22:15:47,78,-37.6167,-73.65,51.91,11.01
47,Faanui,9,PF,2021-09-25 22:16:29,75,-16.4833,-151.75,78.69,9.75
48,Baculin,100,PH,2021-09-25 22:16:29,86,7.4525,126.5842,76.82,1.95
49,Hobart,20,AU,2021-09-25 22:16:30,72,-42.8794,147.3294,48.25,3.0
50,Olafsvik,93,IS,2021-09-25 22:16:30,76,64.8945,-23.7142,42.19,39.55
51,Jertih,100,MY,2021-09-25 22:16:30,93,5.7336,102.4897,75.07,2.48
52,Stornoway,75,GB,2021-09-25 22:16:31,88,58.2093,-6.3865,58.96,19.57
53,Ilulissat,75,GL,2021-09-25 22:16:31,54,69.2167,-51.1,23.02,5.75
54,Finnsnes,94,NO,2021-09-25 22:16:32,90,69.2296,17.9811,44.56,5.91
55,Castro,55,BR,2021-09-25 22:16:00,78,-24.7911,-50.0119,63.99,4.07
56,Beni Suef,0,EG,2021-09-25 22:16:32,61,29.0731,31.0979,73.53,14.54
57,Muros,11,ES,2021-09-25 22:16:33,91,42.7762,-9.0603,64.99,5.53
58,Vangaindrano,39,MG,2021-09-25 22:16:33,85,-23.35,47.6,67.15,1.95
59,Souillac,20,MU,2021-09-25 22:16:33,78,-20.5167,57.5167,71.98,14.97
60,Padang,98,ID,2021-09-25 22:16:34,88,-0.9492,100.3543,75.25,3.69
61,Kodiak,1,US,2021-09-25 22:16:34,49,57.79,-152.4072,47.71,6.91
62,Ponta Do Sol,75,PT,2021-09-25 22:16:34,75,32.6667,-17.1,70.43,4.23
63,Sao Filipe,36,CV,2021-09-25 22:16:35,76,14.8961,-24.4956,78.66,4.34
64,Bara,86,NG,2021-09-25 22:16:35,83,10.3744,10.7288,74.46,6.91
65,Baker City,1,US,2021-09-25 22:16:35,23,44.7749,-117.8344,84.83,9.22
66,Luderitz,35,NA,2021-09-25 22:16:36,53,-26.6481,15.1594,61.95,15.05
67,Tafalla,91,ES,2021-09-25 22:16:36,56,42.5269,-1.6745,64.4,1.68
68,Jamestown,90,US,2021-09-25 22:15:55,84,42.097,-79.2353,64.09,8.99
69,Qaqortoq,0,GL,2021-09-25 22:16:37,78,60.7167,-46.0333,37.9,6.04
70,Krk,7,HR,2021-09-25 22:16:37,91,45.0258,14.5731,67.05,3.58
71,Puerto Madryn,100,AR,2021-09-25 22:16:38,24,-42.7692,-65.0385,72.5,21.3
72,Nome,40,US,2021-09-25 22:14:46,76,64.5011,-165.4064,44.67,14.97
73,Codrington,67,AU,2021-09-25 22:16:38,69,-38.2667,141.9667,47.5,4.34
74,Gorontalo,78,ID,2021-09-25 22:16:38,93,0.5412,123.0595,75.07,2.39
75,Vila Franca Do Campo,100,PT,2021-09-25 22:16:39,90,37.7167,-25.4333,74.19,11.03
76,Acarau,29,BR,2021-09-25 22:16:39,78,-2.8856,-40.12,79.32,19.1
77,Provideniya,100,RU,2021-09-25 22:12:17,87,64.3833,-173.3,32.54,2.37
78,Imbituba,0,BR,2021-09-25 22:14:06,90,-28.24,-48.6703,68.83,10.36
79,Tete,0,MZ,2021-09-25 22:16:40,53,-16.1564,33.5867,78.89,10.36
80,Kapaa,40,US,2021-09-25 22:13:27,70,22.0752,-159.319,84.18,3.0
81,Nikolskoye,98,RU,2021-09-25 22:15:57,91,59.7035,30.7861,48.87,9.33
82,Yulara,21,AU,2021-09-25 22:15:06,31,-25.2406,130.9889,59.41,12.26
83,Bredasdorp,12,ZA,2021-09-25 22:16:41,72,-34.5322,20.0403,61.92,10.36
84,Hilo,1,US,2021-09-25 22:16:41,66,19.7297,-155.09,85.73,11.5
85,Sitka,90,US,2021-09-25 22:16:42,62,57.0531,-135.33,53.49,0.0
86,Tuktoyaktuk,90,CA,2021-09-25 22:16:42,93,69.4541,-133.0374,33.8,17.27
87,Taoudenni,59,ML,2021-09-25 22:16:43,7,22.6783,-3.9836,96.48,8.43
88,Asilah,0,MA,2021-09-25 22:16:43,77,35.465,-6.0348,69.66,5.57
89,Kavieng,57,PG,2021-09-25 22:15:28,78,-2.5744,150.7967,83.05,14.03
90,Ust-Kuyga,100,RU,2021-09-25 22:16:44,96,70.0167,135.6,31.46,6.13
91,Puerto Ayora,77,EC,2021-09-25 22:13:29,85,-0.7393,-90.3518,71.02,8.9
92,Mar Del Plata,40,AR,2021-09-25 22:16:44,61,-38.0023,-57.5575,60.01,4.0
93,Yaring,99,TH,2021-09-25 22:16:44,84,6.8662,101.3689,78.15,0.65
94,Ostrovnoy,86,RU,2021-09-25 22:16:45,87,68.0531,39.5131,42.96,7.36
95,Masvingo,0,ZW,2021-09-25 22:16:45,40,-20.0637,30.8277,61.81,5.57
96,Tabory,51,RU,2021-09-25 22:16:46,81,58.5198,64.5495,33.84,7.67
97,Los Llanos De Aridane,40,ES,2021-09-25 22:16:46,85,28.6585,-17.9182,69.55,5.75
98,Bongandanga,97,CD,2021-09-25 22:16:46,92,1.5,21.05,70.34,2.68
99,Miguel Auza,70,MX,2021-09-25 22:16:47,47,24.2933,-103.4503,74.14,5.14
100,Karratha,0,AU,2021-09-25 22:16:47,55,-20.7377,116.8463,66.38,11.3
101,Sao Joao Da Barra,100,BR,2021-09-25 22:16:48,74,-21.6403,-41.0511,72.1,23.11
102,Pisco,0,PE,2021-09-25 22:16:48,72,-13.7,-76.2167,66.25,17.27
103,Isabela,88,PH,2021-09-25 22:16:48,84,6.7085,121.9711,77.05,2.62
104,Rey Bouba,96,CM,2021-09-25 22:16:49,96,8.6724,14.1786,72.57,0.45
105,Dunedin,29,NZ,2021-09-25 22:15:19,61,-45.8742,170.5036,46.8,14.38
106,Guaratinga,9,BR,2021-09-25 22:16:49,74,-16.5667,-39.5667,72.27,6.08
107,Vao,17,NC,2021-09-25 22:16:50,59,-22.6667,167.4833,68.29,10.04
108,Sisimiut,19,GL,2021-09-25 22:16:50,72,66.9395,-53.6735,28.81,9.42
109,Tasiilaq,100,GL,2021-09-25 22:13:47,66,65.6145,-37.6368,35.76,10.4
110,Cape Town,40,ZA,2021-09-25 22:16:50,86,-33.9258,18.4232,61.27,6.91
111,Avarua,90,CK,2021-09-25 22:13:52,78,-21.2078,-159.775,78.85,16.11
112,Harper,100,LR,2021-09-25 22:16:51,87,4.375,-7.7169,77.45,9.17
113,Barrow,90,US,2021-09-25 22:16:51,80,71.2906,-156.7887,28.42,6.91
114,Gat,0,IL,2021-09-25 22:16:52,60,31.61,34.7642,72.81,6.67
115,New Norfolk,28,AU,2021-09-25 22:13:25,74,-42.7826,147.0587,45.91,2.98
116,Eureka,48,US,2021-09-25 22:13:18,77,40.8021,-124.1637,72.68,4.0
117,Phalombe,49,MW,2021-09-25 22:16:53,70,-15.8064,35.6507,67.73,5.03
118,Batagay,95,RU,2021-09-25 22:16:53,89,67.6333,134.6333,31.87,2.33
119,Pevek,100,RU,2021-09-25 22:12:16,97,69.7008,170.3133,30.81,19.15
120,Berbera,76,SO,2021-09-25 22:16:54,64,10.4396,45.0143,88.09,3.58
121,Henderson,1,US,2021-09-25 22:15:23,24,36.0397,-114.9819,96.75,18.41
122,Areka,79,ET,2021-09-25 22:16:54,90,7.0667,37.7,57.6,1.79
123,Sao Felix Do Xingu,87,BR,2021-09-25 22:16:54,56,-6.6447,-51.995,81.61,0.92
124,Aklavik,100,CA,2021-09-25 22:14:24,97,68.2191,-135.0107,32.61,17.07
125,Leningradskiy,100,RU,2021-09-25 22:15:21,72,69.3833,178.4167,28.42,5.73
126,Kuopio,40,FI,2021-09-25 22:16:56,93,62.8924,27.677,42.75,6.91
127,Skjervoy,100,NO,2021-09-25 22:16:57,78,70.0311,20.9714,47.59,12.97
128,Dubbo,12,AU,2021-09-25 22:16:57,71,-32.25,148.6167,50.13,12.66
129,Airai,55,TL,2021-09-25 22:13:22,82,-8.9266,125.4092,59.47,2.08
130,Saint Anthony,1,US,2021-09-25 22:14:42,30,45.0205,-93.218,72.14,5.99
131,Ancud,39,CL,2021-09-25 22:16:58,62,-41.8697,-73.8203,49.53,12.64
132,Karatau,0,KZ,2021-09-25 22:16:58,21,43.1667,70.4667,58.48,4.65
133,Tautira,12,PF,2021-09-25 22:16:58,79,-17.7333,-149.15,80.62,13.49
134,Touros,11,BR,2021-09-25 22:16:15,80,-5.1989,-35.4608,79.7,15.21
135,Cockburn Town,1,TC,2021-09-25 22:16:59,70,21.4612,-71.1419,83.14,7.49
136,Baisha,0,CN,2021-09-25 22:17:00,72,26.5222,110.9311,74.79,3.06
137,Paracatu,69,BR,2021-09-25 22:17:00,28,-17.2222,-46.8747,84.7,3.53
138,Bengkulu,100,ID,2021-09-25 22:17:00,92,-3.8004,102.2655,75.58,2.21
139,Tual,93,ID,2021-09-25 22:17:01,81,-5.6667,132.75,80.96,16.6
140,North Myrtle Beach,1,US,2021-09-25 22:17:01,57,33.816,-78.68,79.12,3.44
141,Cabo San Lucas,16,MX,2021-09-25 22:15:43,70,22.8909,-109.9124,93.61,7.16
142,Narsaq,0,GL,2021-09-25 22:17:02,70,60.9167,-46.05,37.62,2.13
143,Namatanai,55,PG,2021-09-25 22:16:21,75,-3.6667,152.4333,82.49,7.99
144,Motala,16,SE,2021-09-25 22:17:02,74,58.5371,15.0365,46.8,0.78
145,Guerrero Negro,85,MX,2021-09-25 22:17:03,62,27.9769,-114.0611,76.91,16.46
146,Cabedelo,16,BR,2021-09-25 22:17:03,82,-6.9811,-34.8339,75.87,13.89
147,Usevya,5,TZ,2021-09-25 22:17:03,35,-7.1,31.2333,74.26,4.65
148,Oranjemund,10,NA,2021-09-25 22:17:04,84,-28.55,16.4333,55.85,4.47
149,Lata,1,PT,2021-09-25 22:17:04,96,40.1629,-8.3327,62.82,2.57
150,Point Fortin,75,TT,2021-09-25 22:17:05,73,10.1833,-61.6833,81.86,8.93
151,Portland,20,US,2021-09-25 22:14:28,37,45.5234,-122.6762,86.45,1.99
152,Fortuna,1,US,2021-09-25 22:17:05,66,40.5982,-124.1573,79.2,5.99
153,Gaozhou,0,CN,2021-09-25 22:17:06,91,21.9392,110.8461,75.07,3.89
154,Komsomolskiy,0,UZ,2021-09-25 22:15:41,39,40.4272,71.7189,62.02,6.91
155,Rocha,27,UY,2021-09-25 22:16:38,96,-34.4833,-54.3333,55.15,5.17
156,Sadat,86,IN,2021-09-25 22:17:07,78,25.6833,83.2833,79.97,5.06
157,Sola,37,VU,2021-09-25 22:17:07,77,-13.8833,167.55,78.89,13.18
158,Richards Bay,1,ZA,2021-09-25 22:16:43,72,-28.783,32.0377,69.93,14.03
159,Krumovgrad,0,BG,2021-09-25 22:17:08,52,41.4667,25.65,68.34,0.74
160,Iquique,29,CL,2021-09-25 22:17:08,75,-20.2208,-70.1431,60.84,9.44
161,Rancho Palos Verdes,40,US,2021-09-25 22:13:36,77,33.7445,-118.387,90.66,5.99
162,Midland,1,US,2021-09-25 22:14:04,24,31.9974,-102.0779,86.67,12.66
163,Yining,30,CN,2021-09-25 22:17:09,83,29.0361,114.5636,76.3,1.59
164,Kurchum,100,KZ,2021-09-25 22:17:09,44,48.5722,83.6542,40.1,5.84
165,Penzance,21,GB,2021-09-25 22:17:09,79,50.1186,-5.5371,58.77,7.25
166,Shingu,100,JP,2021-09-25 22:17:10,92,33.7333,135.9833,73.9,8.08
167,Norman Wells,90,CA,2021-09-25 22:17:10,93,65.282,-126.8329,35.64,18.41
168,Kastamonu,0,TR,2021-09-25 22:17:10,90,41.5,33.6667,48.22,2.48
169,Hanzhong,100,CN,2021-09-25 22:17:11,94,33.0728,107.0303,69.37,2.73
170,Chama,90,CH,2021-09-25 22:17:11,90,47.1821,8.4636,68.05,1.14
171,Hithadhoo,100,MV,2021-09-25 22:17:12,78,-0.6,73.0833,81.84,16.4
172,Kahului,40,US,2021-09-25 22:13:16,75,20.8947,-156.47,84.22,18.41
173,Saldanha,91,ZA,2021-09-25 22:17:12,93,-33.0117,17.9442,59.14,4.47
174,Beringovskiy,65,RU,2021-09-25 22:17:13,62,63.05,179.3167,33.78,5.39
175,Santa Vitoria Do Palmar,78,BR,2021-09-25 22:17:13,94,-33.5189,-53.3681,59.43,5.75
176,Okha,100,RU,2021-09-25 22:17:14,75,53.5739,142.9478,53.83,10.09
177,Burdur,0,TR,2021-09-25 22:17:14,47,37.7203,30.2908,57.9,6.91
178,Zolotyy Potik,51,UA,2021-09-25 22:17:14,68,48.9095,25.3393,60.08,7.31
179,Khatanga,92,RU,2021-09-25 22:17:15,92,71.9667,102.5,28.71,10.07
180,Ekhabi,100,RU,2021-09-25 22:17:15,74,53.5102,142.9671,52.97,9.22
181,Kaitangata,6,NZ,2021-09-25 22:17:16,55,-46.2817,169.8464,46.69,10.89
182,Qaanaaq,100,GL,2021-09-25 22:15:16,71,77.484,-69.3632,21.96,6.71
183,Lubbock,75,US,2021-09-25 22:17:17,20,33.6001,-101.8338,86.38,4.0
184,Baikunthpur,87,IN,2021-09-25 22:17:18,87,23.25,82.55,73.98,2.73
185,Mount Isa,4,AU,2021-09-25 22:17:18,14,-20.7333,139.5,74.97,8.05
186,Constitucion,25,CL,2021-09-25 22:17:19,74,-35.3333,-72.4167,56.35,7.23
187,Pochutla,64,MX,2021-09-25 22:15:52,69,15.7432,-96.4661,88.83,5.77
188,Veraval,93,IN,2021-09-25 22:17:19,82,20.9,70.3667,79.18,8.37
189,Mandello Del Lario,95,IT,2021-09-25 22:17:20,86,45.9192,9.3193,69.64,2.08
190,Daru,90,PG,2021-09-25 22:17:20,91,-9.0763,143.2092,78.21,13.49
191,Plattsburgh,1,US,2021-09-25 22:17:20,66,44.6995,-73.4529,69.8,1.01
192,Longyearbyen,75,SJ,2021-09-25 22:17:21,81,78.2186,15.6401,40.84,9.22
193,Ngunguru,36,NZ,2021-09-25 22:17:21,68,-35.6167,174.5,60.17,7.05
194,Adre,52,TD,2021-09-25 22:17:21,35,13.4667,22.2,77.74,5.26
195,Mahebourg,29,MU,2021-09-25 22:13:57,78,-20.4081,57.7,71.26,18.34
196,Port Elizabeth,0,ZA,2021-09-25 22:17:01,67,-33.918,25.5701,62.89,17.27
197,Goderich,72,CA,2021-09-25 22:16:29,58,43.7501,-81.7165,59.32,8.05
198,Severo-Kurilsk,100,RU,2021-09-25 22:16:07,86,50.6789,156.125,48.49,7.23
199,Mamakan,100,RU,2021-09-25 22:17:22,97,57.8161,114.0028,41.86,2.64
200,Astaneh-Ye Ashrafiyeh,98,IR,2021-09-25 22:15:10,92,37.2596,49.9444,69.21,6.78
201,Trincomalee,88,LK,2021-09-25 22:15:36,74,8.5711,81.2335,81.3,18.54
202,Urucara,77,BR,2021-09-25 22:17:23,51,-2.5364,-57.76,86.05,0.29
203,Wajir,47,KE,2021-09-25 22:17:08,66,1.7471,40.0573,77.18,19.84
204,Baillif,8,GP,2021-09-25 22:17:24,75,16.0202,-61.7463,80.1,7.74
205,San Cristobal,34,VE,2021-09-25 22:17:24,85,7.7669,-72.225,84.38,5.77
206,Golden,20,US,2021-09-25 22:15:12,16,39.7555,-105.2211,90.45,1.99
207,Salinas,1,US,2021-09-25 22:17:18,72,36.6777,-121.6555,85.96,14.97
208,Panguipulli,68,CL,2021-09-25 22:17:25,97,-39.6333,-72.3333,47.91,4.18
209,Roebourne,0,AU,2021-09-25 22:17:25,52,-20.7833,117.1333,66.9,11.39
210,Plouzane,90,FR,2021-09-25 22:17:26,91,48.3833,-4.6167,62.69,3.44
211,Caravelas,29,BR,2021-09-25 22:17:26,67,-17.7125,-39.2481,71.26,8.1
212,Fort Nelson,97,CA,2021-09-25 22:15:11,43,58.8053,-122.7002,55.98,0.96
213,Upernavik,2,GL,2021-09-25 22:17:27,69,72.7868,-56.1549,20.61,5.79
214,Beni Mazar,0,EG,2021-09-25 22:17:27,57,28.4962,30.8029,74.61,14.52
215,Dunmore Town,99,BS,2021-09-25 22:17:27,76,25.5,-76.65,82.02,7.56
216,Buala,58,SB,2021-09-25 22:17:28,76,-8.145,159.5921,83.19,8.39
217,Maceio,40,BR,2021-09-25 22:12:57,89,-9.6658,-35.7353,80.04,6.91
218,Srednekolymsk,99,RU,2021-09-25 22:17:28,92,67.45,153.6833,32.95,15.37
219,Cherskiy,100,RU,2021-09-25 22:17:29,97,68.75,161.3,32.27,13.31
220,Dekar,0,BW,2021-09-25 22:17:29,13,-21.5333,21.9333,70.86,9.51
221,Torbay,100,CA,2021-09-25 22:13:56,85,47.6666,-52.7314,49.28,1.01
222,Hofn,100,IS,2021-09-25 22:17:30,86,64.2539,-15.2082,39.45,15.7
223,Challans,15,FR,2021-09-25 22:17:30,91,46.8436,-1.8749,66.4,5.99
224,Antofagasta,19,CL,2021-09-25 22:17:30,76,-23.65,-70.4,58.28,7.99
225,Bethel,1,US,2021-09-25 22:17:31,78,41.3712,-73.414,71.08,0.0
226,Saint-Philippe,40,RE,2021-09-25 22:15:07,85,-21.3585,55.7679,71.15,13.6
227,Zhuzhou,7,CN,2021-09-25 22:17:31,67,27.8333,113.15,78.93,3.06
228,Shadegan,0,IR,2021-09-25 22:17:32,23,30.6497,48.6647,82.31,17.92
229,Solton,100,RU,2021-09-25 22:17:32,74,52.8429,86.4787,37.51,5.99
230,Dingle,89,PH,2021-09-25 22:14:53,91,10.9995,122.6711,76.3,4.34
231,Port Augusta,0,AU,2021-09-25 22:17:33,55,-32.5,137.7667,57.34,7.72
232,Zhanaozen,3,KZ,2021-09-25 22:17:33,61,43.3,52.8,56.57,11.59
233,Oktyabrskoye,100,RU,2021-09-25 22:17:33,87,43.0645,44.7417,48.34,13.42
234,Simbahan,81,PH,2021-09-25 22:17:34,73,6.3032,120.5836,82.6,2.66
235,San Jose,90,US,2021-09-25 22:14:12,48,37.3394,-121.895,87.57,10.36
236,Dikson,100,RU,2021-09-25 22:17:34,83,73.5069,80.5464,35.89,18.75
237,Sistranda,100,NO,2021-09-25 22:17:35,87,63.7256,8.834,49.89,15.3
238,Sorong,100,ID,2021-09-25 22:14:32,85,-0.8833,131.25,78.22,4.29
239,Manzhouli,100,CN,2021-09-25 22:17:35,89,49.6,117.4333,53.53,13.96
240,Deogarh,93,IN,2021-09-25 22:17:36,88,21.5333,84.7333,77.09,3.58
241,Haines Junction,100,CA,2021-09-25 22:17:36,39,60.7522,-137.5108,46.35,9.22
242,Krasnyy Yar,100,RU,2021-09-25 22:17:36,58,46.5331,48.3456,57.13,9.89
243,Sao Teotonio,2,PT,2021-09-25 22:17:37,93,37.5128,-8.7071,64.69,2.13
244,Cooma,13,AU,2021-09-25 22:17:37,58,-36.2333,149.1333,39.2,6.29
245,Peterhead,80,GB,2021-09-25 22:17:37,97,57.5058,-1.7981,63.0,13.87
246,Tahe,52,CN,2021-09-25 22:17:38,97,52.3333,124.7333,45.27,3.11
247,Margate,71,GB,2021-09-25 22:17:38,94,51.3813,1.3862,59.95,8.05
248,Lanzhou,97,CN,2021-09-25 22:17:39,50,36.0564,103.7922,61.88,5.21
249,Molina,20,CL,2021-09-25 22:17:39,55,-35.1167,-71.2833,62.33,5.75
250,Flin Flon,63,CA,2021-09-25 22:15:07,50,54.7682,-101.865,63.12,4.05
251,Bure,97,ET,2021-09-25 22:17:40,96,10.7,37.0667,55.08,1.34
252,Dhidhdhoo,100,MV,2021-09-25 22:17:40,79,6.8833,73.1,81.14,19.35
253,Townsville,40,AU,2021-09-25 22:17:40,73,-19.25,146.8,74.28,6.91
254,Palmer,40,US,2021-09-25 22:17:41,64,42.1584,-72.3287,73.36,6.91
255,Alyangula,35,AU,2021-09-25 22:17:41,69,-13.8483,136.4192,77.52,3.56
256,Katsuura,100,JP,2021-09-25 22:17:42,67,35.1333,140.3,71.19,14.94
257,Buin,0,CL,2021-09-25 22:17:42,58,-33.7333,-70.75,67.05,5.5
258,Ribeira Grande,100,PT,2021-09-25 22:13:26,83,38.5167,-28.7,71.24,8.52
259,Mount Gambier,54,AU,2021-09-25 22:17:43,69,-37.8333,140.7667,45.79,3.51
260,Laguna,1,US,2021-09-25 22:17:43,33,38.421,-121.4238,98.2,4.0
261,Poum,75,NC,2021-09-25 22:17:44,66,-20.2333,164.0167,72.61,6.96
262,Wanning,85,CN,2021-09-25 22:16:48,88,18.8003,110.3967,78.3,8.93
263,Natal,40,BR,2021-09-25 22:17:44,78,-5.795,-35.2094,80.82,12.66
264,Geraldton,75,AU,2021-09-25 22:16:09,72,-28.7667,114.6,61.21,13.8
265,Adrar,71,MR,2021-09-25 22:16:51,21,20.5022,-10.0711,95.14,4.74
266,Onoda,75,JP,2021-09-25 22:17:45,80,34.0014,131.1836,73.38,2.3
267,Ginir,76,ET,2021-09-25 22:17:45,73,7.1333,40.7,59.09,6.06
268,Saint George,1,US,2021-09-25 22:17:46,17,37.1041,-113.5841,94.53,8.01
269,La Peca,69,PE,2021-09-25 22:17:46,64,-5.6111,-78.435,77.79,5.79
270,Broome,1,US,2021-09-25 22:16:31,66,42.2506,-75.833,68.9,4.0
271,Uige,84,AO,2021-09-25 22:17:46,84,-7.6087,15.0613,69.6,2.98
272,Newport,97,GB,2021-09-25 22:17:47,90,51.5877,-2.9984,64.17,6.2
273,Hambantota,96,LK,2021-09-25 22:17:47,80,6.1241,81.1185,80.13,18.41
274,College,75,US,2021-09-25 22:14:26,89,64.8569,-147.8028,35.55,0.0
275,Victoria,26,HK,2021-09-25 22:15:12,80,22.2855,114.1577,84.18,5.01
276,Preobrazheniye,95,RU,2021-09-25 22:17:48,83,42.9019,133.9064,58.55,3.27
277,Salalah,75,OM,2021-09-25 22:17:49,89,17.0151,54.0924,80.69,2.3
278,Vardo,48,NO,2021-09-25 22:17:47,85,70.3705,31.1107,46.54,8.88
279,Kieta,23,PG,2021-09-25 22:16:37,81,-6.2167,155.6333,81.81,4.54
280,Faya,10,SA,2021-09-25 22:17:49,25,18.3851,42.4509,66.31,5.75
281,Tagusao,62,PH,2021-09-25 22:17:49,82,9.1924,117.8141,79.5,1.61
282,Guaraniacu,2,BR,2021-09-25 22:17:50,56,-25.1008,-52.8781,68.14,3.31
283,Maningrida,84,AU,2021-09-25 22:17:50,81,-12.0667,134.2667,75.16,4.38
284,Luau,52,AO,2021-09-25 22:17:51,29,-10.7073,22.2247,71.06,2.68
285,Dinagat,100,PH,2021-09-25 22:17:51,76,9.9561,125.5933,81.72,1.68
286,Jiazi,8,CN,2021-09-25 22:17:52,79,22.8779,116.067,78.01,13.4
287,Inhambane,0,MZ,2021-09-25 22:16:28,81,-23.865,35.3833,69.01,7.56
288,Kemijarvi,100,FI,2021-09-25 22:16:19,96,66.7131,27.4306,42.67,0.76
289,Maxixe,0,MZ,2021-09-25 22:17:52,83,-23.8597,35.3472,67.78,6.6
290,Husavik,100,IS,2021-09-25 22:17:53,92,66.0449,-17.3389,37.31,16.15
291,Chapais,93,CA,2021-09-25 22:17:53,60,49.7834,-74.8492,62.38,9.53
292,Zhangye,78,CN,2021-09-25 22:17:53,47,38.9342,100.4517,57.78,4.9
293,Kysyl-Syr,10,RU,2021-09-25 22:17:54,96,63.8986,122.7617,28.63,4.56
294,Bowen,0,AU,2021-09-25 22:17:54,73,-20.0167,148.2333,68.4,6.73
295,Asau,1,RO,2021-09-25 22:14:15,81,46.4333,26.4,54.75,5.77
296,Barcelona,20,ES,2021-09-25 22:16:46,87,41.3888,2.159,75.54,4.61
297,Tarragona,20,ES,2021-09-25 22:17:55,83,41.129,1.249,74.39,4.61
298,Tuatapere,69,NZ,2021-09-25 22:17:04,77,-46.1333,167.6833,44.82,8.37
299,Hohhot,20,CN,2021-09-25 22:17:55,77,40.8106,111.6522,59.29,4.47
300,Kizukuri,100,JP,2021-09-25 22:17:56,84,40.8061,140.3861,58.1,5.32
301,Chiredzi,0,ZW,2021-09-25 22:17:56,40,-21.05,31.6667,67.37,5.32
302,Lebedinyy,83,RU,2021-09-25 22:17:56,89,58.5167,125.5167,30.25,4.85
303,Christiana,9,ZA,2021-09-25 22:17:57,24,-27.914,25.1611,69.58,7.7
304,Mujiayingzi,3,CN,2021-09-25 22:17:57,86,42.1167,118.7833,55.4,4.16
305,Panaba,55,MX,2021-09-25 22:17:57,74,21.2833,-88.2667,82.06,11.68
306,Gidole,95,ET,2021-09-25 22:17:58,65,5.65,37.3667,57.87,2.28
307,Saint-Augustin,100,CA,2021-09-25 22:17:58,97,51.226,-58.6502,54.34,16.13
308,Sangar,83,RU,2021-09-25 22:17:59,91,63.9242,127.4739,33.1,4.63
309,Katherine,52,AU,2021-09-25 22:17:59,53,-14.4667,132.2667,73.72,4.61
310,Griffith,1,US,2021-09-25 22:14:55,34,41.5284,-87.4237,71.26,1.01
311,Iqaluit,90,CA,2021-09-25 22:16:28,74,63.7506,-68.5145,35.33,10.0
312,Hokitika,37,NZ,2021-09-25 22:18:00,68,-42.7167,170.9667,49.86,9.82
313,Nakhon Thai,100,TH,2021-09-25 22:18:00,99,17.1006,100.8374,73.49,3.8
314,Churapcha,100,RU,2021-09-25 22:18:00,84,62.0025,132.4325,36.68,4.5
315,Bayir,1,TR,2021-09-25 22:18:01,40,37.2687,28.2167,54.12,3.42
316,Caluquembe,85,AO,2021-09-25 22:18:01,69,-13.7833,14.6833,62.85,4.43
317,Ust-Karsk,100,RU,2021-09-25 22:15:25,77,52.7011,118.8077,52.07,7.25
318,Qarchi Gak,0,AF,2021-09-25 22:18:01,14,37.04,66.7889,60.89,4.41
319,Sept-Iles,75,CA,2021-09-25 22:18:02,91,50.2001,-66.3821,56.05,3.44
320,Campbellton,100,CA,2021-09-25 22:18:02,97,48.0075,-66.6727,58.6,3.0
321,Santander Jimenez,87,MX,2021-09-25 22:18:03,53,24.2167,-98.4667,83.89,8.72
322,Evensk,100,RU,2021-09-25 22:18:03,83,61.95,159.2333,43.93,1.32
323,Broken Hill,0,AU,2021-09-25 22:18:04,49,-31.95,141.4333,48.65,15.55
324,Dromolaxia,0,CY,2021-09-25 22:18:04,69,34.8761,33.586,72.99,6.91
325,Carnarvon,11,AU,2021-09-25 22:17:56,77,-24.8667,113.6333,64.47,8.05
326,Mogzon,100,RU,2021-09-25 22:18:05,93,51.7435,111.9606,42.39,10.49
327,Vostok,100,RU,2021-09-25 22:18:05,70,46.4856,135.8833,48.54,2.35
328,Dargaville,59,NZ,2021-09-25 22:18:06,89,-35.9333,173.8833,58.24,7.27
329,Namibe,80,AO,2021-09-25 22:15:40,86,-15.1961,12.1522,64.45,4.85
330,Port Lincoln,16,AU,2021-09-25 22:15:11,71,-34.7333,135.8667,53.56,14.05
331,Kodinsk,100,RU,2021-09-25 22:18:06,86,58.6881,99.1844,32.18,3.33
332,Panama City,20,PA,2021-09-25 22:16:29,84,8.9936,-79.5197,84.43,10.36
333,Lagoa,100,PT,2021-09-25 22:18:07,84,39.05,-27.9833,70.52,8.19
334,Gazanjyk,0,TM,2021-09-25 22:18:07,63,39.2446,55.5154,67.91,4.52
335,Umm Lajj,3,SA,2021-09-25 22:18:08,68,25.0213,37.2685,82.2,13.2
336,Acuitzio,81,MX,2021-09-25 22:18:08,43,20.345,-101.9771,78.4,7.78
337,Arraial Do Cabo,22,BR,2021-09-25 22:16:57,75,-22.9661,-42.0278,70.81,27.27
338,Sangueya,100,GN,2021-09-25 22:18:08,93,10.7,-14.3667,75.69,1.52
339,Bandarbeyla,49,SO,2021-09-25 22:18:09,86,9.4942,50.8122,77.14,19.77
340,Cidreira,2,BR,2021-09-25 22:18:09,88,-30.1811,-50.2056,62.64,8.72
341,Barinitas,83,VE,2021-09-25 22:18:10,89,8.7622,-70.4111,74.3,1.43
342,Kilakarai,98,IN,2021-09-25 22:14:22,73,9.2333,78.7833,81.39,10.47
343,Brae,96,GB,2021-09-25 22:18:10,95,60.3964,-1.353,53.51,10.31
344,Verkhnevilyuysk,4,RU,2021-09-25 22:18:10,95,63.4453,120.3167,27.16,4.07
345,Dongsheng,100,CN,2021-09-25 22:18:11,86,39.8161,109.9776,57.16,8.14
346,Komsomolets,100,KZ,2021-09-25 22:18:11,36,53.7453,62.0708,52.88,11.86
347,Waingapu,74,ID,2021-09-25 22:18:12,81,-9.6567,120.2641,73.96,6.42
348,Aranos,1,NA,2021-09-25 22:18:12,15,-24.1333,19.1167,71.38,12.24
349,Walvis Bay,4,NA,2021-09-25 22:18:12,93,-22.9575,14.5053,55.09,4.61
350,Banjar,92,ID,2021-09-25 22:18:13,88,-8.19,114.9675,78.66,3.29
351,Albion,40,US,2021-09-25 22:18:13,45,42.2431,-84.753,65.21,9.22
352,Kaeng Khoi,100,TH,2021-09-25 22:18:13,93,14.5862,100.9976,78.15,5.93
353,Kalangala,87,UG,2021-09-25 22:18:14,76,-0.3089,32.225,69.03,12.24
354,Egvekinot,88,RU,2021-09-25 22:18:14,70,66.3167,-179.1667,23.09,2.53
355,Lompoc,1,US,2021-09-25 22:18:14,76,34.6391,-120.4579,85.01,10.36
356,Kurilsk,41,RU,2021-09-25 22:18:15,76,45.2333,147.8833,52.75,9.66
357,Sabang,100,ID,2021-09-25 22:18:15,81,5.8933,95.3214,80.31,20.74
358,Bocas Del Toro,100,PA,2021-09-25 22:18:16,70,9.3333,-82.25,89.08,6.24
359,Vargem Alta,19,BR,2021-09-25 22:18:16,75,-20.6714,-41.0069,62.13,5.82
360,Sidi Ali,100,DZ,2021-09-25 22:17:12,80,36.0998,0.4206,70.56,7.9
361,Turayf,0,SA,2021-09-25 22:16:02,42,31.6725,38.6637,66.45,9.22
362,Kitama,5,TZ,2021-09-25 22:18:17,99,-10.7167,39.7333,64.99,2.64
363,Kokopo,77,PG,2021-09-25 22:18:17,72,-4.352,152.2633,82.11,7.2
364,Kamenka,79,RU,2021-09-25 22:15:09,85,51.3223,42.7678,49.15,9.53
365,Dukat,100,RU,2021-09-25 22:18:18,99,62.55,155.55,35.01,5.97
366,Simplicio Mendes,20,BR,2021-09-25 22:18:18,35,-7.8539,-41.9103,84.58,6.02
367,Krasnoslobodsk,0,RU,2021-09-25 22:18:19,100,48.7072,44.5714,51.55,8.95
368,Strezhevoy,100,RU,2021-09-25 22:17:21,86,60.7333,77.5889,37.38,11.27
369,Mayor Pablo Lagerenza,10,PY,2021-09-25 22:18:19,26,-19.9309,-60.7718,89.6,0.96
370,Boulder City,1,US,2021-09-25 22:18:20,22,35.9786,-114.8325,94.35,18.41
371,Makokou,95,GA,2021-09-25 22:18:20,95,0.5738,12.8642,68.4,2.89
372,Zabid,42,YE,2021-09-25 22:18:20,64,14.1951,43.3152,87.3,7.45
373,Markova,1,UA,2021-09-25 22:18:21,78,48.6758,24.4138,49.93,7.14
374,Nalut,0,LY,2021-09-25 22:18:21,22,30.3333,10.85,83.88,9.89
375,Erattupetta,100,IN,2021-09-25 22:18:22,98,9.7,76.7833,76.3,1.48
376,Nanortalik,1,GL,2021-09-25 22:18:22,75,60.1432,-45.2371,37.63,7.67
377,Svetlogorsk,48,BY,2021-09-25 22:15:38,93,52.6333,29.7333,50.88,11.56
378,San Lorenzo,0,PY,2021-09-25 22:18:22,41,-25.3333,-57.5333,76.59,8.01
379,Ankazobe,66,MG,2021-09-25 22:18:23,76,-18.3167,47.1167,59.41,12.01
380,Benalla,0,AU,2021-09-25 22:18:23,65,-36.55,145.9833,46.85,6.29
381,Lasa,87,IT,2021-09-25 22:16:44,95,46.6166,10.7002,61.68,2.89
382,Harvard,70,US,2021-09-25 22:18:24,36,42.4222,-88.6137,68.99,13.33
383,Kununurra,19,AU,2021-09-25 22:18:24,73,-15.7667,128.7333,69.78,6.91
384,Luanda,20,AO,2021-09-25 22:18:24,88,-8.8368,13.2343,73.4,9.22
385,Wanaka,76,NZ,2021-09-25 22:18:25,73,-44.7,169.15,41.14,1.77
386,Anopino,100,RU,2021-09-25 22:18:25,95,55.6981,40.6671,47.34,7.31
387,Robertsport,99,LR,2021-09-25 22:18:26,84,6.7533,-11.3686,79.93,10.29
388,Hobyo,98,SO,2021-09-25 22:16:50,86,5.3505,48.5268,77.49,22.06
389,Badou,95,TG,2021-09-25 22:18:26,92,7.5833,0.6,72.84,2.75
390,Svetlyy,1,RU,2021-09-25 22:18:27,91,54.675,20.1347,46.45,7.72
391,Akyab,60,MM,2021-09-25 22:18:27,86,20.15,92.9,79.81,8.25
392,Dwarka,74,IN,2021-09-25 22:18:28,81,22.2394,68.9678,80.35,12.75
393,Novichikha,100,RU,2021-09-25 22:18:28,62,52.204,81.3877,40.51,9.13
394,Novikovo,100,RU,2021-09-25 22:18:28,90,51.1537,37.8879,51.19,13.22
395,Vila Velha,75,BR,2021-09-25 22:17:36,68,-20.3297,-40.2925,73.35,11.5
396,Cabinda,94,AO,2021-09-25 22:18:29,85,-5.55,12.2,75.85,6.13
397,Bobo Dioulasso,0,BF,2021-09-25 22:18:29,83,11.1771,-4.2979,79.25,4.61
398,Gambela,100,ET,2021-09-25 22:18:30,98,8.25,34.5833,68.81,1.36
399,Pontianak,90,ID,2021-09-25 22:15:12,100,-0.0333,109.3333,75.18,2.3
400,Dolinsk,100,RU,2021-09-25 22:18:30,69,47.35,142.8,39.06,5.19
401,Watrous,98,CA,2021-09-25 22:18:30,23,51.6668,-105.4679,74.98,5.75
402,Yar-Sale,11,RU,2021-09-25 22:18:31,83,66.8333,70.8333,32.74,7.23
403,Chicama,37,PE,2021-09-25 22:18:31,69,-7.8447,-79.1469,69.91,10.22
404,Kruisfontein,19,ZA,2021-09-25 22:18:31,58,-34.0033,24.7314,53.89,7.43
405,Huilong,84,CN,2021-09-25 22:18:32,77,31.8111,121.655,71.98,9.13
406,Diffa,12,NE,2021-09-25 22:18:32,20,13.3154,12.6113,86.29,1.36
407,Chuy,68,UY,2021-09-25 22:15:04,95,-33.6971,-53.4616,59.02,5.75
408,Kamina,3,CD,2021-09-25 22:18:33,38,-8.7386,24.9906,68.79,2.98
409,Sakakah,0,SA,2021-09-25 22:18:33,32,29.9697,40.2064,80.17,7.45
410,Viedma,100,AR,2021-09-25 22:18:33,33,-40.8135,-62.9967,76.06,19.98
411,Tiznit,0,MA,2021-09-25 22:18:34,56,29.5833,-9.5,68.97,0.09
412,Tabou,99,CI,2021-09-25 22:18:34,88,4.423,-7.3528,77.07,9.22
413,Mumford,100,GH,2021-09-25 22:18:35,87,5.2618,-0.759,77.7,7.2
414,Idrinskoye,100,RU,2021-09-25 22:18:35,82,54.3708,92.1358,34.39,4.05
415,Diego De Almagro,0,CL,2021-09-25 22:18:35,25,-26.3667,-70.05,73.02,6.15
416,Santa Ana,40,US,2021-09-25 22:14:18,62,33.7456,-117.8678,93.87,3.0
417,Mikkeli,40,FI,2021-09-25 22:18:36,93,61.6886,27.2723,45.14,5.75
418,Ahipara,75,NZ,2021-09-25 22:18:36,89,-35.1667,173.1667,59.05,6.15
419,Camabatela,98,AO,2021-09-25 22:18:37,76,-8.1881,15.375,66.56,6.08
420,Batagay-Alyta,86,RU,2021-09-25 22:18:37,90,67.8006,130.4114,24.94,3.38
421,Karachi,75,PK,2021-09-25 22:18:38,79,24.9056,67.0822,84.02,5.75
422,Brighton,100,GB,2021-09-25 22:18:38,93,50.8284,-0.1395,58.91,4.56
423,Acapulco,75,MX,2021-09-25 22:15:08,79,16.8634,-99.8901,87.62,6.91
424,Remedios,30,CU,2021-09-25 22:18:38,70,22.4947,-79.5458,81.52,10.07
425,Goundam,87,ML,2021-09-25 22:18:39,28,16.4145,-3.6708,94.73,4.72
426,Tazmalt,100,DZ,2021-09-25 22:18:39,38,36.3868,4.3989,84.06,1.92
427,Clyde River,1,CA,2021-09-25 22:18:39,100,70.4692,-68.5914,26.83,5.75
428,Monticello,1,US,2021-09-25 22:18:02,27,45.3055,-93.7941,72.03,8.05
429,Raymond,63,US,2021-09-25 22:18:40,86,43.9015,-70.4703,69.82,3.96
430,Huarmey,91,PE,2021-09-25 22:18:40,79,-10.0681,-78.1522,66.09,11.43
431,Kuah,20,MY,2021-09-25 22:18:41,89,6.3265,99.8432,80.58,3.44
432,Chalons-En-Champagne,77,FR,2021-09-25 22:18:41,94,48.9539,4.3672,64.98,5.99
433,Valdivia,79,CL,2021-09-25 22:18:42,88,-39.8142,-73.2459,50.09,4.36
434,Viking,92,CA,2021-09-25 22:18:42,45,53.1001,-111.7684,67.86,8.55
435,Dibombari,100,CM,2021-09-25 22:18:42,94,4.1787,9.6561,72.72,2.53
436,Flinders,95,AU,2021-09-25 22:16:26,60,-34.5833,150.8552,57.2,7.0
437,Inirida,81,CO,2021-09-25 22:18:43,83,3.8653,-67.9239,79.5,2.33
438,Klaksvik,100,FO,2021-09-25 22:18:43,93,62.2266,-6.589,54.52,26.33
439,Cubuk,0,TR,2021-09-25 22:18:43,81,40.2386,33.0322,53.76,1.14
440,Lannion,100,FR,2021-09-25 22:18:44,94,48.75,-3.4167,62.58,4.61
441,Roma,1,US,2021-09-25 22:18:26,67,43.2128,-75.4557,71.89,5.75
442,Utete,10,TZ,2021-09-25 22:18:45,93,-7.986,38.758,69.66,0.78
443,Grindavik,0,IS,2021-09-25 22:18:45,75,63.8424,-22.4338,41.47,25.32
444,Chimbote,73,PE,2021-09-25 22:18:45,79,-9.0853,-78.5783,65.61,12.8
445,Nioro,51,GM,2021-09-25 22:18:46,86,13.35,-15.75,78.87,4.23
446,Bandar-E Anzali,90,IR,2021-09-25 22:18:46,86,37.4727,49.4622,70.23,9.82
447,Sungairaya,90,ID,2021-09-25 22:18:47,89,0.7,108.9,77.63,5.32
448,Saint-Pierre,20,RE,2021-09-25 22:18:47,81,-21.3393,55.4781,69.48,11.5
449,Lavrentiya,100,RU,2021-09-25 22:18:48,83,65.5833,-171.0,32.79,6.69
450,Pasighat,20,IN,2021-09-25 22:18:48,88,28.0667,95.3333,73.96,4.65
451,Cap Malheureux,5,MU,2021-09-25 22:18:48,73,-19.9842,57.6142,72.09,5.99
452,Kewanee,15,US,2021-09-25 22:18:27,22,41.2456,-89.9248,71.74,12.12
453,Bamiantong,99,CN,2021-09-25 22:18:49,97,44.9333,130.5333,57.76,0.87
454,Talnakh,40,RU,2021-09-25 22:18:49,70,69.4865,88.3972,30.96,1.66
455,Olenino,100,RU,2021-09-25 22:18:50,94,56.2092,33.4889,47.01,10.78
456,Zaraza,92,VE,2021-09-25 22:18:50,80,9.3503,-65.3245,80.31,4.16
457,Sabya,81,SA,2021-09-25 22:18:50,66,17.1495,42.6254,87.42,3.18
458,San Patricio,2,US,2021-09-25 22:16:37,38,28.017,-97.5169,88.52,12.68
459,Sao Gabriel Da Cachoeira,94,BR,2021-09-25 22:18:51,87,-0.1303,-67.0892,77.29,1.43
460,Ostersund,20,SE,2021-09-25 22:18:51,93,63.1792,14.6357,43.25,3.44
461,Piltene,0,LV,2021-09-25 22:18:52,100,57.2243,21.6744,53.55,6.91
462,Salcininkai,3,LT,2021-09-25 22:18:52,97,54.3,25.3833,50.09,8.23
463,Drumheller,76,CA,2021-09-25 22:18:53,30,51.4617,-112.7101,75.04,8.59
464,Vilyuysk,8,RU,2021-09-25 22:18:53,95,63.7553,121.6247,28.06,4.43
465,Wladyslawowo,28,PL,2021-09-25 22:18:54,88,54.7909,18.4009,53.94,9.24
466,Bilma,1,NE,2021-09-25 22:14:46,13,18.6853,12.9164,88.5,7.81
467,Kyzyl-Suu,0,KG,2021-09-25 22:18:54,27,42.3414,78.0056,53.92,6.96
468,Timizart,100,DZ,2021-09-25 22:18:54,72,36.8,4.2667,74.68,7.05
469,Carauari,93,BR,2021-09-25 22:18:55,89,-4.8828,-66.8958,76.15,3.27
470,Muroto,95,JP,2021-09-25 22:18:55,77,33.2833,134.15,71.64,13.49
471,Sabha,0,LY,2021-09-25 22:18:55,31,27.0377,14.4283,76.96,11.63
472,Sobolevo,62,RU,2021-09-25 22:18:56,95,54.4299,31.8996,49.21,12.84
473,Gap,28,FR,2021-09-25 22:18:57,85,44.6667,6.0,50.83,4.61
474,Tezu,50,IN,2021-09-25 22:18:57,74,27.9167,96.1667,76.32,3.89
475,Nyuksenitsa,94,RU,2021-09-25 22:18:57,94,60.4128,44.2397,44.19,7.87
476,Hudiksvall,13,SE,2021-09-25 22:18:58,84,61.729,17.1036,44.51,5.39
477,Kapoeta,84,SS,2021-09-25 22:18:58,92,4.7717,33.5903,68.79,4.5
478,Boa Vista,75,BR,2021-09-25 22:15:42,43,2.8197,-60.6733,91.38,6.91
479,Palu,99,ID,2021-09-25 22:18:59,95,-0.8917,119.8707,75.67,2.62
480,Sulangan,78,PH,2021-09-25 22:18:59,72,11.1373,123.7228,83.3,4.27
481,Bambous Virieux,20,MU,2021-09-25 22:18:59,78,-20.3428,57.7575,71.85,14.97
482,Takoradi,100,GH,2021-09-25 22:19:00,90,4.8845,-1.7554,76.42,6.49
483,Christchurch,75,NZ,2021-09-25 22:16:26,68,-43.5333,172.6333,50.92,4.0
484,Birjand,0,IR,2021-09-25 22:19:01,9,32.8663,59.2211,59.47,11.5
485,Mamallapuram,99,IN,2021-09-25 22:19:01,74,12.6264,80.1722,78.85,9.13
486,Gboko,100,NG,2021-09-25 22:19:02,97,7.3179,8.9951,70.86,5.17
487,Bilibino,100,RU,2021-09-25 22:16:56,96,68.0546,166.4372,28.81,5.97
488,La Concordia,100,NI,2021-09-25 22:19:02,85,13.1953,-86.1667,74.71,6.53
489,Talcahuano,40,CL,2021-09-25 22:19:03,82,-36.7167,-73.1167,55.08,6.91
490,Alibag,98,IN,2021-09-25 22:19:03,86,18.6411,72.8792,80.67,1.77
491,Bud,19,US,2021-09-25 22:19:03,51,39.447,-86.1758,70.68,5.7
492,Bolivar,4,US,2021-09-25 22:16:32,32,37.6145,-93.4105,78.13,2.44
493,Gizo,58,SB,2021-09-25 22:19:04,75,-8.103,156.8419,82.56,5.59
494,Boyabat,0,TR,2021-09-25 22:19:04,84,41.4689,34.7667,51.01,2.75
495,Kiunga,99,PG,2021-09-25 22:19:05,99,-6.1219,141.2906,74.12,1.03
496,Tripoli,0,LY,2021-09-25 22:19:05,57,32.8752,13.1875,79.92,18.14
497,Ati,32,TD,2021-09-25 22:19:06,47,13.2154,18.3353,87.3,9.57
498,Coruripe,18,BR,2021-09-25 22:19:06,89,-10.1256,-36.1756,73.85,10.36
499,Ahuimanu,75,US,2021-09-25 22:19:06,69,21.4447,-157.8378,87.51,13.8
500,Taksimo,100,RU,2021-09-25 22:19:07,99,56.3444,114.8794,43.59,2.15
501,Shuiji,7,CN,2021-09-25 22:19:07,93,27.4214,118.345,68.9,2.15
502,Najran,93,SA,2021-09-25 22:17:15,17,17.4924,44.1277,74.05,3.56
503,Abancay,75,PE,2021-09-25 22:19:08,54,-13.6339,-72.8814,67.57,7.52
504,Arrifes,75,PT,2021-09-25 22:19:08,88,37.7667,-25.7,72.23,10.36
505,Marawi,97,PH,2021-09-25 22:19:08,88,7.9986,124.2928,65.64,2.8
506,Cayenne,53,GF,2021-09-25 22:19:09,76,4.9333,-52.3333,83.08,1.99
507,Pimentel,40,PE,2021-09-25 22:19:09,77,-6.8367,-79.9342,64.69,17.27
508,Olinda,40,BR,2021-09-25 22:19:09,73,-8.0089,-34.8553,76.73,11.5
509,Kloulklubed,92,PW,2021-09-25 22:14:34,75,7.0419,134.2556,83.66,14.32
510,Ayia Galini,0,GR,2021-09-25 22:19:10,42,35.1,24.6833,66.85,4.16
511,Fort Saint James,100,CA,2021-09-25 22:19:10,56,54.4333,-124.25,57.33,4.18
512,Khandyga,100,RU,2021-09-25 22:19:11,98,62.6667,135.6,39.15,2.95
513,Mayya,37,RU,2021-09-25 22:19:11,97,61.7333,130.2811,36.72,3.78
514,Freeport,1,US,2021-09-25 22:16:33,64,40.6576,-73.5832,74.98,3.0
515,Kiruna,42,SE,2021-09-25 22:19:12,93,67.8557,20.2251,31.12,3.44
516,Camana,40,PE,2021-09-25 22:19:12,79,-16.6228,-72.7111,63.81,7.54
517,Mutoko,0,ZW,2021-09-25 22:19:12,38,-17.397,32.2268,58.33,5.1
518,Berlevag,97,NO,2021-09-25 22:19:13,85,70.8578,29.0864,46.45,10.11
519,Atikokan,92,CA,2021-09-25 22:19:13,52,48.7555,-91.6216,57.34,4.83
520,Itacarambi,17,BR,2021-09-25 22:19:13,34,-15.1022,-44.0919,83.08,0.78
521,Pangnirtung,100,CA,2021-09-25 22:19:14,55,66.1451,-65.7125,35.58,2.51
522,Fairbanks,75,US,2021-09-25 22:15:53,89,64.8378,-147.7164,35.56,0.0
523,Atar,98,MR,2021-09-25 22:19:14,21,20.5169,-13.0499,96.67,7.43
524,Noumea,65,NC,2021-09-25 22:19:15,98,-22.2763,166.4572,75.0,9.24
525,La Tuque,58,CA,2021-09-25 22:18:11,59,47.4334,-72.7824,64.65,5.75
526,Alexandria,0,EG,2021-09-25 22:15:39,60,31.2156,29.9553,73.02,5.26
527,The Valley,20,AI,2021-09-25 22:19:15,74,18.217,-63.0578,85.86,8.05
528,Araouane,21,ML,2021-09-25 22:19:17,15,18.9048,-3.5265,96.35,1.32
529,Virginia Beach,40,US,2021-09-25 22:19:17,59,36.8529,-75.978,75.42,8.05
530,Shenjiamen,13,CN,2021-09-25 22:19:17,71,29.9576,122.298,73.53,4.32
531,Avera,54,US,2021-09-25 22:19:18,45,33.194,-82.5271,79.48,5.79
532,Chornukhy,76,UA,2021-09-25 22:19:18,91,50.2673,32.942,53.89,13.15
533,Ayr,40,GB,2021-09-25 22:19:19,82,55.4627,-4.6339,65.1,13.8
534,Grand Gaube,6,MU,2021-09-25 22:19:19,73,-20.0064,57.6608,72.0,5.01
535,Gilgit,0,PK,2021-09-25 22:19:20,38,35.9221,74.3087,73.58,1.9
536,Smoky Lake,97,CA,2021-09-25 22:19:20,39,54.1169,-112.4686,68.16,10.36
537,Skibbereen,99,IE,2021-09-25 22:19:20,95,51.55,-9.2667,60.6,9.26
538,Kolokani,81,ML,2021-09-25 22:19:21,78,13.5728,-8.0339,76.98,5.23
539,Severo-Yeniseyskiy,96,RU,2021-09-25 22:19:21,94,60.3725,93.0408,28.4,5.1
540,Rafai,100,CF,2021-09-25 22:19:21,97,4.95,23.9167,67.21,0.69
541,Rodez,75,FR,2021-09-25 22:19:22,88,44.5,2.5833,64.08,13.8
542,Ulladulla,84,AU,2021-09-25 22:19:22,59,-35.35,150.4667,56.88,10.0
543,Chazuta,91,PE,2021-09-25 22:19:23,89,-6.5742,-76.1367,76.89,2.28
544,Shrewsbury,100,GB,2021-09-25 22:19:23,91,52.7101,-2.7521,64.38,4.94
545,Marica,55,BR,2021-09-25 22:19:23,83,-22.9194,-42.8186,73.35,11.39
546,Sampit,96,ID,2021-09-25 22:19:24,98,-2.5333,112.95,73.9,0.89
547,Kampong Cham,100,KH,2021-09-25 22:19:24,97,11.9934,105.4635,74.97,5.12
548,Eggenfelden,22,DE,2021-09-25 22:19:25,94,48.4054,12.7626,61.79,2.33
549,Alice Springs,3,AU,2021-09-25 22:16:50,29,-23.7,133.8833,60.35,6.91
550,Grand-Lahou,100,CI,2021-09-25 22:19:25,91,5.1367,-5.0242,76.39,11.21
551,Lanigan,100,CA,2021-09-25 22:19:26,29,51.8501,-105.0344,77.29,8.25
